time,temperature_2m (°C)
2026-10-07 00:00:00,18.4
2026-10-07 01:00:00,17.4
2026-10-07 02:00:00,16.3
2026-10-07 03:00:00,15.9
2026-10-07 04:00:00,15.2
2026-10-07 05:00:00,14.2
2026-10-07 06:00:00,14.4
2026-10-07 07:00:00,14.1
2026-10-07 08:00:00,14.0
2026-10-07 09:00:00,14.2
2026-10-07 10:00:00,15.2
2026-10-07 11:00:00,16.5
2026-10-07 12:00:00,17.4
2026-10-07 13:00:00,16.7
2026-10-07 14:00:00,17.3
2026-10-07 15:00:00,17.9
2026-10-07 16:00:00,18.1
2026-10-07 17:00:00,17.9
2026-10-07 18:00:00,17.6
2026-10-07 19:00:00,17.1
2026-10-07 20:00:00,16.3
2026-10-07 21:00:00,15.7
2026-10-07 22:00:00,15.5
2026-10-07 23:00:00,15.1
2026-10-08 00:00:00,14.7
2026-10-08 01:00:00,14.5
2026-10-08 02:00:00,13.9
2026-10-08 03:00:00,13.0
2026-10-08 04:00:00,13.0
2026-10-08 05:00:00,12.5
2026-10-08 06:00:00,11.5
2026-10-08 07:00:00,10.9
2026-10-08 08:00:00,10.5
2026-10-08 09:00:00,10.4
2026-10-08 10:00:00,11.4
2026-10-08 11:00:00,12.9
2026-10-08 12:00:00,14.3
2026-10-08 13:00:00,15.0
2026-10-08 14:00:00,15.9
2026-10-08 15:00:00,16.3
2026-10-08 16:00:00,16.1
2026-10-08 17:00:00,16.0
2026-10-08 18:00:00,15.4
2026-10-08 19:00:00,14.4
2026-10-08 20:00:00,13.3
2026-10-08 21:00:00,12.4
2026-10-08 22:00:00,11.5
2026-10-08 23:00:00,10.5
2026-10-09 00:00:00,9.9
2026-10-09 01:00:00,9.4
2026-10-09 02:00:00,9.2
2026-10-09 03:00:00,9.1
2026-10-09 04:00:00,9.1
2026-10-09 05:00:00,9.5
2026-10-09 06:00:00,9.8
2026-10-09 07:00:00,10.0
2026-10-09 08:00:00,10.4
2026-10-09 09:00:00,10.5
2026-10-09 10:00:00,10.9
2026-10-09 11:00:00,11.5
2026-10-09 12:00:00,12.1
2026-10-09 13:00:00,12.7
2026-10-09 14:00:00,13.6
2026-10-09 15:00:00,14.4
2026-10-09 16:00:00,15.7
2026-10-09 17:00:00,16.4
2026-10-09 18:00:00,16.7
2026-10-09 19:00:00,16.4
2026-10-09 20:00:00,16.1
2026-10-09 21:00:00,15.8
2026-10-09 22:00:00,15.3
2026-10-09 23:00:00,15.1
